{
    "items": [
        {
            "item": {
                "id": 0,
                "weight": 72.0,
                "shape": "Box",
                "width": 0.6,
                "depth": 0.4,
                "height": 0.3,
                "description": ""
            },
            "stacking": {
                "x": 0.30000001192092896,
                "y": 0.20000000298023224,
                "z": 0.15000000596046448,
                "stack_height": 0.0,
                "min_approach_height": 0.0,
                "approach": {
                    "x": 0,
                    "y": 0,
                    "z": 0
                }
            }
        },
        {
            "item": {
                "id": 0,
                "weight": 72.0,
                "shape": "Box",
                "width": 0.6,
                "depth": 0.4,
                "height": 0.3,
                "description": ""
            },
            "stacking": {
                "x": 0.8999999761581421,
                "y": 0.20000000298023224,
                "z": 0.15000000596046448,
                "stack_height": 0.0,
                "min_approach_height": 0.0,
                "approach": {
                    "x": 0,
                    "y": 0,
                    "z": 0
                }
            }
        },
        {
            "item": {
                "id": 0,
                "weight": 72.0,
                "shape": "Box",
                "width": 0.6,
                "depth": 0.4,
                "height": 0.3,
                "description": ""
            },
            "stacking": {
                "x": 0.30000001192092896,
                "y": 0.6000000238418579,
                "z": 0.15000000596046448,
                "stack_height": 0.0,
                "min_approach_height": 0.0,
                "approach": {
                    "x": 0,
                    "y": 0,
                    "z": 0
                }
            }
        },
        {
            "item": {
                "id": 0,
                "weight": 72.0,
                "shape": "Box",
                "width": 0.6,
                "depth": 0.4,
                "height": 0.3,
                "description": ""
            },
            "stacking": {
                "x": 0.8999999761581421,
                "y": 0.20000000298023224,
                "z": 0.44999998807907104,
                "stack_height": 0.0,
                "min_approach_height": 0.0,
                "approach": {
                    "x": 0,
                    "y": 0,
                    "z": 0
                }
            }
        },
        {
            "item": {
                "id": 0,
                "weight": 72.0,
                "shape": "Box",
                "width": 0.6,
                "depth": 0.4,
                "height": 0.3,
                "description": ""
            },
            "stacking": {
                "x": 0.30000001192092896,
                "y": 0.20000000298023224,
                "z": 0.44999998807907104,
                "stack_height": 0.0,
                "min_approach_height": 0.0,
                "approach": {
                    "x": 0,
                    "y": 0,
                    "z": 0
                }
            }
        },
        {
            "item": {
                "id": 0,
                "weight": 72.0,
                "shape": "Box",
                "width": 0.6,
                "depth": 0.4,
                "height": 0.3,
                "description": ""
            },
            "stacking": {
                "x": 0.8999999761581421,
                "y": 0.6000000238418579,
                "z": 0.15000000596046448,
                "stack_height": 0.0,
                "min_approach_height": 0.0,
                "approach": {
                    "x": 0,
                    "y": 0,
                    "z": 0
                }
            }
        },
        {
            "item": {
                "id": 0,
                "weight": 72.0,
                "shape": "Box",
                "width": 0.6,
                "depth": 0.4,
                "height": 0.3,
                "description": ""
            },
            "stacking": {
                "x": 0.30000001192092896,
                "y": 0.6000000238418579,
                "z": 0.44999998807907104,
                "stack_height": 0.0,
                "min_approach_height": 0.0,
                "approach": {
                    "x": 0,
                    "y": 0,
                    "z": 0
                }
            }
        },
        {
            "item": {
                "id": 0,
                "weight": 72.0,
                "shape": "Box",
                "width": 0.6,
                "depth": 0.4,
                "height": 0.3,
                "description": ""
            },
            "stacking": {
                "x": 0.8999999761581421,
                "y": 0.20000000298023224,
                "z": 0.75,
                "stack_height": 0.0,
                "min_approach_height": 0.0,
                "approach": {
                    "x": 0,
                    "y": 0,
                    "z": 0
                }
            }
        },
        {
            "item": {
                "id": 0,
                "weight": 72.0,
                "shape": "Box",
                "width": 0.6,
                "depth": 0.4,
                "height": 0.3,
                "description": ""
            },
            "stacking": {
                "x": 0.30000001192092896,
                "y": 0.20000000298023224,
                "z": 0.75,
                "stack_height": 0.0,
                "min_approach_height": 0.0,
                "approach": {
                    "x": 0,
                    "y": 0,
                    "z": 0
                }
            }
        },
        {
            "item": {
                "id": 0,
                "weight": 72.0,
                "shape": "Box",
                "width": 0.6,
                "depth": 0.4,
                "height": 0.3,
                "description": ""
            },
            "stacking": {
                "x": 0.8999999761581421,
                "y": 0.6000000238418579,
                "z": 0.44999998807907104,
                "stack_height": 0.0,
                "min_approach_height": 0.0,
                "approach": {
                    "x": 0,
                    "y": 0,
                    "z": 0
                }
            }
        },
        {
            "item": {
                "id": 0,
                "weight": 72.0,
                "shape": "Box",
                "width": 0.6,
                "depth": 0.4,
                "height": 0.3,
                "description": ""
            },
            "stacking": {
                "x": 0.30000001192092896,
                "y": 0.6000000238418579,
                "z": 0.75,
                "stack_height": 0.0,
                "min_approach_height": 0.0,
                "approach": {
                    "x": 0,
                    "y": 0,
                    "z": 0
                }
            }
        },
        {
            "item": {
                "id": 0,
                "weight": 72.0,
                "shape": "Box",
                "width": 0.6,
                "depth": 0.4,
                "height": 0.3,
                "description": ""
            },
            "stacking": {
                "x": 0.8999999761581421,
                "y": 0.20000000298023224,
                "z": 1.0499999523162842,
                "stack_height": 0.0,
                "min_approach_height": 0.0,
                "approach": {
                    "x": 0,
                    "y": 0,
                    "z": 0
                }
            }
        },
        {
            "item": {
                "id": 0,
                "weight": 72.0,
                "shape": "Box",
                "width": 0.6,
                "depth": 0.4,
                "height": 0.3,